ImageNumber,ObjectNumber,Location_Center_X,Location_Center_Y,Number_Object_Number,Worm_Angle_1,Worm_Angle_10,Worm_Angle_11,Worm_Angle_12,Worm_Angle_13,Worm_Angle_14,Worm_Angle_15,Worm_Angle_16,Worm_Angle_17,Worm_Angle_18,Worm_Angle_19,Worm_Angle_2,Worm_Angle_3,Worm_Angle_4,Worm_Angle_5,Worm_Angle_6,Worm_Angle_7,Worm_Angle_8,Worm_Angle_9,Worm_ControlPointX_1,Worm_ControlPointX_10,Worm_ControlPointX_11,Worm_ControlPointX_12,Worm_ControlPointX_13,Worm_ControlPointX_14,Worm_ControlPointX_15,Worm_ControlPointX_16,Worm_ControlPointX_17,Worm_ControlPointX_18,Worm_ControlPointX_19,Worm_ControlPointX_2,Worm_ControlPointX_20,Worm_ControlPointX_21,Worm_ControlPointX_3,Worm_ControlPointX_4,Worm_ControlPointX_5,Worm_ControlPointX_6,Worm_ControlPointX_7,Worm_ControlPointX_8,Worm_ControlPointX_9,Worm_ControlPointY_1,Worm_ControlPointY_10,Worm_ControlPointY_11,Worm_ControlPointY_12,Worm_ControlPointY_13,Worm_ControlPointY_14,Worm_ControlPointY_15,Worm_ControlPointY_16,Worm_ControlPointY_17,Worm_ControlPointY_18,Worm_ControlPointY_19,Worm_ControlPointY_2,Worm_ControlPointY_20,Worm_ControlPointY_21,Worm_ControlPointY_3,Worm_ControlPointY_4,Worm_ControlPointY_5,Worm_ControlPointY_6,Worm_ControlPointY_7,Worm_ControlPointY_8,Worm_ControlPointY_9,Worm_Length
7,1,1133.680758807588,687.3013550135502,1,-0.09589031684828475,0.10338254804824931,-0.08286953931435881,0.04772398795773114,-0.09033027159386453,-0.016749388791399866,0.016749388791399866,-0.15129490808360346,0.1345455192922036,0.0,0.0,0.12190006446355195,0.15129490808360346,-0.15129490808360346,0.27931029377750516,-0.1280153856939017,0.0928862456243209,0.032332513856946576,-0.1031254845790246,1142.0,1135.2568865948024,1133.9828642395582,1132.0,1130.6865008144891,1129.0,1128.0,1127.0,1126.0,1126.0,1125.0,1142.1869735325674,1124.0,1123.0,1143.0,1143.0,1142.0,1142.0,1140.0,1139.0,1137.2380157312327,617.0,679.7431134051976,687.0171357604415,693.9975461936243,700.686500814489,707.5299577688638,714.089056775297,721.4765829064763,728.0356819129095,735.8374216064619,743.2249477376413,624.1869735325674,750.6124738688206,758.0,630.8235195119948,638.6252592055473,645.1843582119805,652.1576707807867,659.1309833495931,665.6900823560262,672.7619842687673,156.03479387104903
