ImageNumber,ObjectNumber,Location_Center_X,Location_Center_Y,Number_Object_Number,Worm_Angle_1,Worm_Angle_10,Worm_Angle_11,Worm_Angle_12,Worm_Angle_13,Worm_Angle_14,Worm_Angle_15,Worm_Angle_16,Worm_Angle_17,Worm_Angle_18,Worm_Angle_19,Worm_Angle_2,Worm_Angle_3,Worm_Angle_4,Worm_Angle_5,Worm_Angle_6,Worm_Angle_7,Worm_Angle_8,Worm_Angle_9,Worm_ControlPointX_1,Worm_ControlPointX_10,Worm_ControlPointX_11,Worm_ControlPointX_12,Worm_ControlPointX_13,Worm_ControlPointX_14,Worm_ControlPointX_15,Worm_ControlPointX_16,Worm_ControlPointX_17,Worm_ControlPointX_18,Worm_ControlPointX_19,Worm_ControlPointX_2,Worm_ControlPointX_20,Worm_ControlPointX_21,Worm_ControlPointX_3,Worm_ControlPointX_4,Worm_ControlPointX_5,Worm_ControlPointX_6,Worm_ControlPointX_7,Worm_ControlPointX_8,Worm_ControlPointX_9,Worm_ControlPointY_1,Worm_ControlPointY_10,Worm_ControlPointY_11,Worm_ControlPointY_12,Worm_ControlPointY_13,Worm_ControlPointY_14,Worm_ControlPointY_15,Worm_ControlPointY_16,Worm_ControlPointY_17,Worm_ControlPointY_18,Worm_ControlPointY_19,Worm_ControlPointY_2,Worm_ControlPointY_20,Worm_ControlPointY_21,Worm_ControlPointY_3,Worm_ControlPointY_4,Worm_ControlPointY_5,Worm_ControlPointY_6,Worm_ControlPointY_7,Worm_ControlPointY_8,Worm_ControlPointY_9,Worm_Length
4,1,1255.6105651105652,1305.2899262899264,1,-0.22697262552272646,-0.22758831739062368,-0.006361586536150932,0.0788386824804388,3.3861802251067274e-14,-0.15754046982947234,0.15754046982947234,-0.15754046982946113,0.00048607692245006273,0.23313376299237354,0.0009002631833880947,-0.06929762517479343,-0.10558930950514256,-0.07036391368444805,-2.353672812205332e-14,2.353672812205332e-14,-0.16661192938061475,0.010977709699738103,-0.002429248383159166,1235.0,1250.3421049864992,1253.0,1256.4867532368148,1259.9916738879313,1263.3462680425332,1266.7008621971352,1270.3483495705505,1273.7029437251522,1277.3504310985677,1280.9970562748476,1235.0,1284.0,1287.0,1236.0,1237.2856078707534,1239.0,1241.0,1243.0,1245.0,1247.6946176130837,1267.0,1303.3421049864992,1306.9852813742384,1310.0,1312.9916738879315,1316.3462680425332,1319.7008621971352,1322.3483495705505,1325.7029437251522,1328.3504310985677,1331.0,1271.7441125496953,1334.4985281374238,1338.0,1276.0740115370177,1280.2856078707534,1284.3195959492894,1288.2352813742386,1292.1509667991877,1296.066652224137,1299.6946176130837,94.88225099390847
